Type,TC ID,Name / Title,Preconditions,Steps to be executed,Test Data,Expected results,Actual Results,Priority,Status,Requirement Traceability,Bugs Traceability,,,,,,,,,,,,,,,,
Manual,FB-Adding post-uploading-Negative-001,Verify that user can get any warning message on uploading corrupted images,,,,,,,,,,,,,,,,,,,,,,,,,
Manual,FB-Adding post-uploading-Negative-002,Verify that user is unable to share/post  text files formate,,,,,,,,,,,,,,,,,,,,,,,,,
Manual,FB-Adding post-uploading-Negative-003,Verify that user is able to uploade large number of photos/videos (more than 50),,,,,,,,,,,,,,,,,,,,,,,,,
Manual,FB-Adding post-uploading-Negative-004,Verify that image is uploading or not if the user clicks the cancel button during uploading large number of photos/videos (more than 50),,,,,,,,,,,,,,,,,,,,,,,,,
Manual,FB-Adding post-uploading-Negative-005,Verify that image is uploading or not if the user clicks the cancel button during uploading the file,,,,,,,,,,,,,,,,,,,,,,,,,
Manual,FB-Adding post-uploading-Negative-006,Verify behavior of the app while uploading large size video more than 1 GB,,,,,,,,,,,,,,,,,,,,,,,,,
Manual,FB-Adding post-uploading-Negative-007,Verify the app resume uploading photos/videos when user is back from lock screen,,,,,,,,,,,,,,,,,,,,,,,,,
Manual,FB-Adding post-uploading-Negative-008,Verify the app resume uploading photos/videos when it send to back,,,,,,,,,,,,,,,,,,,,,,,,,
Manual,FB-Adding post-Access-Negative-001,Verify that user is unable to upload camera-taken photo/video without allowing Access device's camera,,,,,,,,,,,,,,,,,,,,,,,,,
Manual,FB-Adding post-Access-Negative-002,Verify that user is unable to upload  gallery-selected photo/video without allowing Access device's allowing Access device's storage,,,,,,,,,,,,,,,,,,,,,,,,,
Manual,FB-Adding post-connection-Negative-001,Verify that app resume uploading photos/videos  when it gets back into network reach from outside,,,,,,,,,,,,,,,,,,,,,,,,,
Manual,FB-Adding post-connection-Negative-002,Verify that app resume uploading photos/videos  if internet connection changed from WIFI to to mobile data 4G,,,,,,,,,,,,,,,,,,,,,,,,,
Manual,FB-Adding post-connection-Negative-003,Verify that app resume uploading photos/videos  if internet connection changed from WIFI to to mobile data 3G,,,,,,,,,,,,,,,,,,,,,,,,,
Manual,FB-Adding post-connection-Negative-004,Verify that app resume uploading photos/videos  if internet connection changed from WIFI to to mobile data 2G,,,,,,,,,,,,,,,,,,,,,,,,,
Manual,FB-Adding post-interruption-Negative-001,Verify that app resume uploading photos/videos while user making application Voice/video call,,,,,,,,,,,,,,,,,,,,,,,,,
Manual,FB-Adding post-interruption-Negative-002,Verify that app resume uploading photos/videos while user making SIM voice call,,,,,,,,,,,,,,,,,,,,,,,,,
