Type,TC ID,Name / Title,Preconditions,Steps to be executed,Test Data,Expected results,Actual Results,Priority,Status,Requirement Traceability,Bugs Traceability,,,,,,,,,,,,,,,,
Manual,FB-Adding Stories-uploading-Negative-001,Verify if the story is visible after 24 hours precisely.,,,,,,,,,,,,,,,,,,,,,,,,,
Manual,FB-Adding Stories-uploading-Negative-002,Verify that user is unable to share text files formate as facebook stories,,,,,,,,,,,,,,,,,,,,,,,,,
Manual,FB-Adding Stories-uploading-Negative-003,Verify that user can get any warning message on uploading corrupted images for his facebook stories,,,,,,,,,,,,,,,,,,,,,,,,,
Manual,FB-Adding Stories-uploading-Negative-004,Verify that user is unable to uploade large number of photos/videos (more than 15) for his facebook stories,,,,,,,,,,,,,,,,,,,,,,,,,
Manual,FB-Adding Stories-uploading-Negative-005,Verify that photos/videos are uploading or not if the user clicks the cancel button during uploading process,,,,,,,,,,,,,,,,,,,,,,,,,
Manual,FB-Adding Stories-uploading-Negative-006,Verify behavior of the app while uploading large size video more than 1 GB,,,,,,,,,,,,,,,,,,,,,,,,,
Manual,FB-Adding Stories-uploading-Negative-007,Verify the app resume uploading photos/videos to his facebook stories when user is back from lock screen,,,,,,,,,,,,,,,,,,,,,,,,,
Manual,FB-Adding Stories-uploading-Negative-008,Verify the app resume uploading photos/videos to his facebook stories when it send to back,,,,,,,,,,,,,,,,,,,,,,,,,
Manual,FB-Adding Stories-Access-Negative-001,Verify that user is unable to upload camera-taken photo/video without allowing Access device's camera,,,,,,,,,,,,,,,,,,,,,,,,,
Manual,FB-Adding Stories-Access-Negative-002,Verify that user is unable to upload  gallery-selected photo/video without allowing Access device's allowing Access device's storage,,,,,,,,,,,,,,,,,,,,,,,,,
Manual,FB-Adding Stories-connection-Negative-001,Verify that app resume uploading photos/videos  when it gets back into network reach from outside,,,,,,,,,,,,,,,,,,,,,,,,,
Manual,FB-Adding Stories-connection-Negative-002,Verify that app resume uploading photos/videos  if internet connection changed from WIFI to to mobile data 4G,,,,,,,,,,,,,,,,,,,,,,,,,
Manual,FB-Adding Stories-connection-Negative-003,Verify that app resume uploading photos/videos  if internet connection changed from WIFI to to mobile data 3G,,,,,,,,,,,,,,,,,,,,,,,,,
Manual,FB-Adding Stories-connection-Negative-004,Verify that app resume uploading photos/videos  if internet connection changed from WIFI to to mobile data 2G,,,,,,,,,,,,,,,,,,,,,,,,,
Manual,FB-Adding Stories-interruption-Negative-001,Verify that app resume uploading photos/videos while user making application Voice/video call,,,,,,,,,,,,,,,,,,,,,,,,,
Manual,FB-Adding Stories-interruption-Negative-002,Verify that app resume uploading photos/videos while user making SIM voice call,,,,,,,,,,,,,,,,,,,,,,,,,
