Type,TC ID,Name / Title,Preconditions,Steps to be executed,Test Data,Expected results,Actual Results,Priority,Status,Requirement Traceability,Bugs Traceability,,,,,,,,,,,,,,,,
Manual,FB-Messaging-Access-Negative-001,Verify that user is unable to make a voice call without allowing Access device's microphone,,,,,,,,,,,,,,,,,,,,,,,,,
Manual,FB-Messaging-Access-Negative-002,Verify that user is unable to make a video call without allowing Access device's camera and microphone,,,,,,,,,,,,,,,,,,,,,,,,,
Manual,FB-Messaging-Access-Negative-003,Verify that user is unable to send voice records without allowing Access device's microphone,,,,,,,,,,,,,,,,,,,,,,,,,
Manual,FB-Messaging-Access-Negative-004,Verify that user is unable to send photos and videos from his gallery without allowing Access device's storage,,,,,,,,,,,,,,,,,,,,,,,,,
Manual,FB-Messaging-Access-Negative-005,Verify that user is unable to save photos and videos which are sent to him without allowing Access device's storage,,,,,,,,,,,,,,,,,,,,,,,,,
Manual,FB-Messaging-Access-Negative-006,Verify that user is unable to send Locations without turning on device location,,,,,,,,,,,,,,,,,,,,,,,,,
Manual,FB-Messaging-Access-Negative-007,Verify that user is unable to receive  a voice call without allowing Access device's microphone,,,,,,,,,,,,,,,,,,,,,,,,,
Manual,FB-Messaging-Access-Negative-008,Verify that user is unable to receive a video call without allowing Access device's camera and microphone,,,,,,,,,,,,,,,,,,,,,,,,,
Manual,FB-Messaging-Connection-Negative-001,Verify that user is unable to make a voice call without internet connection,,,,,,,,,,,,,,,,,,,,,,,,,
Manual,FB-Messaging-Connection-Negative-002,Verify that user is unable to make a video call without internet connection,,,,,,,,,,,,,,,,,,,,,,,,,
Manual,FB-Messaging-interruption-Negative-001,Verify that user can accept a Voice call at the time when application voice call is running in background,,,,,,,,,,,,,,,,,,,,,,,,,
Manual,FB-Messaging-interruption-Negative-002,Verify that user can reject a Voice call at the time when application voice call is running in background,,,,,,,,,,,,,,,,,,,,,,,,,
Manual,FB-Messaging-interruption-Negative-003,Verify that user can accept a voice call at the time when application video ice call is running in background,,,,,,,,,,,,,,,,,,,,,,,,,
Manual,FB-Messaging-interruption-Negative-004,Verify that user can reject a voice call at the time when application video call is running in background,,,,,,,,,,,,,,,,,,,,,,,,,
