Type,TC ID,Name / Title,Preconditions,Steps to be executed,Test Data,Expected results,Actual Results,Priority,Status,Requirement Traceability,Bugs Traceability,,,,,,,,,,,,,,,,
Manual,FB-AddingPost-Upload-T2P-001,Verify that user can add a post to his timeline with a single photo using camera ,,"1- Open App
2-Tap on Text field og """" What's on your mind""
3-Tap on Photp/video
4-Tap on Camera icon
5- Take a photp
6- Tab on Done button",,,,,,,,,,,,,,,,,,,,,,,
Manual,FB-AddingPost-Upload-T2P-002,Verify that user can add a post to his timeline with a single photo using photo gallery  ,,"1- Open App
2-Tap on Text field og """" What's on your mind""
3-Tap on Photp/video
4-Select photo from Gallery
5-Tap on next button
6-Tap on Post button",,,,,,,,,,,,,,,,,,,,,,,
Manual,FB-AddingPost-Upload-T2P-003,Verify that  user can add a post to his timeline with a single video using camera,,"1- Open App
2-Tap on Text field og """" What's on your mind""
3-Tap on Photp/video
4-Tap on Camera icon
5- Record a video
6- Tab on Done button",,,,,,,,,,,,,,,,,,,,,,,
Manual,FB-AddingPost-Upload-T2P-004,Verify that user can add a post to his timeline with a single video using photo gallery,,"1- Open App
2-Tap on Text field og """" What's on your mind""
3-Tap on Photp/video
4-Select a video from Gallery
5-Tap on next button
6-Tap on Post button",,,,,,,,,,,,,,,,,,,,,,,
Manual,FB-AddingPost-Upload-T2P-005,Verify that user can add a post to his timeline with multiple photos using photo gallery ,,"1- Open App
2-Tap on Text field og """" What's on your mind""
3-Tap on Photp/video
4-Select multiple photos from Gallery
5-Tap on next button
6-Tap on Post button",,,,,,,,,,,,,,,,,,,,,,,
Manual,FB-AddingPost-Upload-T2P-006,Verify that user can add a post to his timeline with multiple videos using photo gallery,,"1- Open App
2-Tap on Text field og """" What's on your mind""
3-Tap on Photp/video
4-Select multiple videos from Gallery
5-Tap on next button
6-Tap on Post button",,,,,,,,,,,,,,,,,,,,,,,
Manual,FB-AddingPost-Upload-T2P-007,Verify that user can add a post to his timeline with multiple Photos and videos using photo gallery,,"1- Open App
2-Tap on Text field og """" What's on your mind""
3-Tap on Photp/video
4-Select multiple photos and videos from Gallery
5-Tap on next button
6-Tap on Post button",,,,,,,,,,,,,,,,,,,,,,,
Manual,FB-AddingPost-Upload-T2P-008,Verify that user can add a post to his timeline with multiple photos using mixed photos from camera and  gallery,,"1- Open App
2-Tap on Text field og """" What's on your mind""
3-Tap on Photp/video
4-Select multiple photos from Gallery
5-Tap on next button
6-Tap on Photp/video
7-Take a photp
8-Tap on Camera icon
9-Tap on Post button",,,,,,,,,,,,,,,,,,,,,,,
Manual,FB-AddingPost-upload-T2P-009,Verify that user can add a post to his timeline with multiple videos using mixed videos from camera and gallery,,"1- Open App
2-Tap on Text field og """" What's on your mind""
3-Tap on Photp/video
4-Select multiple photos from Gallery
5-Tap on next button
6-Tap on Photp/video
7-Record a video
8-Tap on Camera icon
9-Tap on Post button",,,,,,,,,,,,,,,,,,,,,,,
Manual,FB-AddingPost-edit uploaded photp/video-T2P-001,Verify that user can apply filter to a gallery-selected photo,,,,,,,,,,,,,,,,,,,,,,,,,
Manual,FB-AddingPost-edit uploaded photp/video-T2P-002,Verify that user can apply filter to the camera-taken photo ,,,,,,,,,,,,,,,,,,,,,,,,,
Manual,FB-AddingPost-edit uploaded photp/video-T2P-003,Verify that user can Add effects to a gallery-selected photo/video,,,,,,,,,,,,,,,,,,,,,,,,,
Manual,FB-AddingPost-edit uploaded photp/video-T2P-004,Verify that user can Add effects to the camera-taken photo/video,,,,,,,,,,,,,,,,,,,,,,,,,
Manual,FB-AddingPost-edit uploaded photp/video-T2P-005,Verify that user can crop the gallery-selected photo,,,,,,,,,,,,,,,,,,,,,,,,,
Manual,FB-AddingPost-edit uploaded photp/video-T2P-006,Verify that user can trim the camera-taken video ,,,,,,,,,,,,,,,,,,,,,,,,,
Manual,FB-AddingPost-edit uploaded photp/video-T2P-007,Verify that user can trim the gallery-selected video,,,,,,,,,,,,,,,,,,,,,,,,,
Manual,FB-AddingPost-edit uploaded photp/video-T2P-008,Verify that user can transcribting audio to the gallery-selected video,,,,,,,,,,,,,,,,,,,,,,,,,
Manual,FB-AddingPost-edit uploaded photp/video-T2P-009,Verify that user can transcribting audio to the camera-taken video ,,,,,,,,,,,,,,,,,,,,,,,,,
Manual,FB-AddingPost-edit uploaded photp/video-T2P-010,Verify that user can edit captions of transcribting audio of selected video from gallery/camera,,,,,,,,,,,,,,,,,,,,,,,,,
Manual,FB-AddingPost-edit uploaded photp/video-T2P-011,Verify that user can mute/unmute the  selected video from gallery/camera,,,,,,,,,,,,,,,,,,,,,,,,,
Manual,FB-AddingPost-caption-T2P-001,Verify that user can add a caption to his post,,,,,,,,,,,,,,,,,,,,,,,,,
Manual,FB-AddingPost-caption-T2P-002,Verify that user can select  a photo from his post to  add a caption in it,,,,,,,,,,,,,,,,,,,,,,,,,
Manual,FB-AddingPost-caption-T2P-003,Verify that user can select  a video from his post to  add a caption in it,,,,,,,,,,,,,,,,,,,,,,,,,
Manual,FB-AddingPost-background-T2P-001,Verify that user can add a background color to his text post,,,,,,,,,,,,,,,,,,,,,,,,,
Manual,FB-AddingPost-gif-T2P-001,Verify that user can add a gif to his post,,,,,,,,,,,,,,,,,,,,,,,,,
Manual,FB-AddingPost-gif-T2P-002,Verify that user can search for a specific  gif and can add it to his post,,,,,,,,,,,,,,,,,,,,,,,,,
Manual,FB-AddingPost-gif-T2P-003,Verify that user can add a gif to a selected  photo from his post,,,,,,,,,,,,,,,,,,,,,,,,,
Manual,FB-AddingPost-gif-T2P-004,Verify that user can add a gif to a selected  video from his post,,,,,,,,,,,,,,,,,,,,,,,,,
Manual,FB-AddingPost-music-T2P-001,Verify that user can add a music to his post,,,,,,,,,,,,,,,,,,,,,,,,,
Manual,FB-AddingPost-music-T2P-002,Verify that user can select  a photo from his post to  add a music in it,,,,,,,,,,,,,,,,,,,,,,,,,
Manual,FB-AddingPost-music-T2P-003,Verify that user can select  a video from his post to  add a music in it,,,,,,,,,,,,,,,,,,,,,,,,,
Manual,FB-AddingPost-music-T2P-004,Verify that user can search for specific music to be added to his post,,,,,,,,,,,,,,,,,,,,,,,,,
Manual,FB-AddingPost-music-T2P-005,Verify that user can search for specific music to be added  to a selected  photo/video from his post,,,,,,,,,,,,,,,,,,,,,,,,,
Manual,FB-AddingPost-tag-T2P-001,Verify that user can tag one or more person from his friends list,,,,,,,,,,,,,,,,,,,,,,,,,
Manual,FB-AddingPost-tag-T2P-002,Verify that user can select a photo from his post to tag people in it,,,,,,,,,,,,,,,,,,,,,,,,,
Manual,FB-AddingPost-tag-T2P-003,Verify that user can select a video from his post to tag people in it,,,,,,,,,,,,,,,,,,,,,,,,,
Manual,FB-AddingPost-location-T2P-001,Verify that user can add location to his post,,,,,,,,,,,,,,,,,,,,,,,,,
Manual,FB-AddingPost-location-T2P-002,Verify that user can select a photo from his post to  add a location in it,,,,,,,,,,,,,,,,,,,,,,,,,
Manual,FB-AddingPost-location-T2P-003,Verify that user can select a photo from his post to  add a location in it,,,,,,,,,,,,,,,,,,,,,,,,,
Manual,FB-AddingPost-Feeling/Activity-T2P-001,Verify that user can add Feeling/Activity to his post,,,,,,,,,,,,,,,,,,,,,,,,,
Manual,FB-AddingPost-Live video-T2P-001,Verify that user can add Live video to his post,,,,,,,,,,,,,,,,,,,,,,,,,
Manual,FB-AddingPost-posting-T2P-001,"Verify the user can add a post to his timeline from 2 places : Profile, and Home, and both actions should have the same behaviour",,,,,,,,,,,,,,,,,,,,,,,,,
Manual,FB-AddingPost-posting-T2P-002,Verify the user can add a post to friends' timeline and should have the same behavior as he posts to his timeline ,,,,,,,,,,,,,,,,,,,,,,,,,
Manual,FB-AddingPost-manage post-001,"Verify that user can filter created posts by ""Go to"" option",,,,,,,,,,,,,,,,,,,,,,,,,
Manual,FB-AddingPost-manage post-002,"Verify that user can filter created posts by ""posted by"" option",,,,,,,,,,,,,,,,,,,,,,,,,
Manual,FB-AddingPost-manage post-003,"Verify that user can filter created posts by ""privacy"" option",,,,,,,,,,,,,,,,,,,,,,,,,
Manual,FB-AddingPost-manage post-004,"Verify that user can filter created posts by ""tagged posts"" option",,,,,,,,,,,,,,,,,,,,,,,,,
Manual,FB-AddingPost-manage post-005,Verify that user can delete the adjusted entities of filter feature,,,,,,,,,,,,,,,,,,,,,,,,,
Manual,FB-AddingPost-manage post-006,Verify that user can remove tags from ,,,,,,,,,,,,,,,,,,,,,,,,,
Manual,FB-AddingPost-manage post-007,Verify that user can pin his post,,,,,,,,,,,,,,,,,,,,,,,,,
Manual,FB-AddingPost-manage post-008,Verify that user can save his post,,,,,,,,,,,,,,,,,,,,,,,,,
Manual,FB-AddingPost-manage post-009,Verify that user can view his/ friend's saved post,,,,,,,,,,,,,,,,,,,,,,,,,
Manual,FB-AddingPost-manage post-010,Verify that user can edit his post,,,,,,,,,,,,,,,,,,,,,,,,,
Manual,FB-AddingPost-manage post-011,Verify that user can edit the privacy of his post,,,,,,,,,,,,,,,,,,,,,,,,,
Manual,FB-AddingPost-manage post-012,Verify that user can delete his post,,,,,,,,,,,,,,,,,,,,,,,,,
Manual,FB-AddingPost-manage post-013,Verify that user can archive his post ,,,,,,,,,,,,,,,,,,,,,,,,,
Manual,FB-AddingPost-manage post-014,Verify that user can view archived posts,,,,,,,,,,,,,,,,,,,,,,,,,
Manual,FB-AddingPost-manage post-015,Verify that user can Turn off notifications for his post,,,,,,,,,,,,,,,,,,,,,,,,,
Manual,FB-AddingPost-manage post-016,Verify that user can copy link for his/ friend's post,,,,,,,,,,,,,,,,,,,,,,,,,
Manual,FB-AddingPost-manage post-017,Verify that user can like his post,,,,,,,,,,,,,,,,,,,,,,,,,
Manual,FB-AddingPost-manage post-018,Verify that user can share his post,,,,,,,,,,,,,,,,,,,,,,,,,
Manual,FB-AddingPost-manage post-019,Verify that user can add comment to his post,,,,,,,,,,,,,,,,,,,,,,,,,
