Type,TC ID,Name / Title,Preconditions,Steps to be executed,Test Data,Expected results,Actual Results,Priority,Status,Requirement Traceability,Bugs Traceability,,,,,,,,,,,,,,,,
Manual,FB-Adding Post-general-UI-001,Verify Font used is readable as per the requirments,,"1-Open Facebook App
2-Login with Valid user and password
3-Tap on ""What's on your mind"" text field
4-Explor the module","SRS, Wireframes",All texts are readable and match the initial design,,,,,,,,,,,,,,,,,,,,,
Manual,FB-Adding Post-general-UI-002,"Verify the alignment of the text,icons, and buttons  are proper",,"1-Open Facebook App
2-Login with Valid user and password
3-Tap on ""What's on your mind"" text field
4-Explor the module","SRS, Wireframes","Text,icons, and buttons  are aligned  properly",,,,,,,,,,,,,,,,,,,,,
Manual,FB-Adding Post-general-UI-003,Verify the positioning of GUI elements for different screen resolution.,,"1-Open Facebook App
2-Login with Valid user and password
3-Tap on ""What's on your mind"" text field
4-Explor the module","SRS, Wireframes","Size, position, width, height of all UI elements are displaying with excellent dimensions for different screen resolution",,,,,,,,,,,,,,,,,,,,,
Manual,FB-Adding Post-general-UI-004,Verify if there are any conent issue,,"1-Open Facebook App
2-Login with Valid user and password
3-Tap on ""What's on your mind"" text field
4-Explor the module","SRS, Wireframes",No speeling or truncated issues occurred,,,,,,,,,,,,,,,,,,,,,
Manual,FB-Adding Post-general-UI-005,Verify if there are any visual issue ,,"1-Open Facebook App
2-Login with Valid user and password
3-Tap on ""What's on your mind"" text field
4-Explor the module","SRS, Wireframes","Pages, dropdown lists, buttons, and icons will display normally ",,,,,,,,,,,,,,,,,,,,,
Manual,FB-Adding Post-Home-UI-001,"verify that when user tap on text filed of ""What's on your mind"", Create post page should be displayed",,"1-Open Facebook App
2-Login with Valid user and password
3-Tap on ""What's on your mind""","SRS, Wireframes",Create post page should be displayed successfully,,,,,,,,,,,,,,,,,,,,,
Manual,FB-Adding Post-Create Post-UI-001,Verify that Post button will remain Gray and inactivated until it's is ready to be clicked to be converted to Blue,,"1-Open Facebook App
2-Login with Valid user and password
3-Tap on ""What's on your mind"" text field
4- create a post","SRS, Wireframes",Post button will remain Gray and inactivated until it's is ready to be clicked to be converted to Blue,,,,,,,,,,,,,,,,,,,,,
Manual,FB-Adding Post-Create Post-UI-002,Verify that the back button must be work properly while jumping to the previous page,,"1-Open Facebook App
2-Login with Valid user and password
3-Tap on ""What's on your mind""
4- Tap on gallery icon
5-Click back button from your device","SRS, Wireframes",User should be able to  jump to the previous page,,,,,,,,,,,,,,,,,,,,,
Manual,FB-Adding Post-Create Post-UI-003,"Verify that the 3 dots menu displays the proper Items (Photo/gallery, Tag people, Felling/Activity,Check in, 
Live video, Background color, Camera, Gif, Music , and Layout)",,"1-Open Facebook App
2-Login with Valid user and password
3-Tap on ""What's on your mind"" text field
4- Tap on ""What's on your mind"" text area
5-Tap on 3 dotsin the bottom right of the page","SRS, Wireframes","3 dots menu displays the proper Items (Photo/gallery, Tag people, Felling/Activity,Check in, 
Live video, Background color, Camera, Gif, Music , and Layout)",,,,,,,,,,,,,,,,,,,,,
Manual,FB-Adding Post-Create Post-UI-004,"verify that when user tap on text area of ""What's on your mind"", background color options are displaying properly",,"1-Open Facebook App
2-Login with Valid user and password
3-Tap on ""What's on your mind"" text field
4- Tap on ""What's on your mind"" text area
","SRS, Wireframes",Background color options are displaying properly,,,,,,,,,,,,,,,,,,,,,
Manual,FB-Adding Post-Tag-UI-001,"Verify that profile picture, friend's name, and checkboxes are aligned properly",,"1-Open Facebook App
2-Login with Valid user and password
3-Tap on ""What's on your mind"" text field
4- Tap on Add location icon
","SRS, Wireframes","Profile picture, friend's name, and checkboxes are aligned properly",,,,,,,,,,,,,,,,,,,,,
Manual,FB-Adding Post-Tag-UI-002,Verify that user can select more than single checkboxes ,,"1-Open Facebook App
2-Login with Valid user and password
3-Tap on ""What's on your mind"" text field
4- Tap on Add location icon
5-Select more than single checkboxes 
","SRS, Wireframes",User can select more than single checkboxes ,,,,,,,,,,,,,,,,,,,,,
Manual,FB-Adding Post-Tag-UI-003,"Verify that when user select more than single checkboxes, new section with label ""selected"" displays the selected people",,"1-Open Facebook App
2-Login with Valid user and password
3-Tap on ""What's on your mind"" text field
4- Tap on Add location icon
5-Select more than single checkboxes 
","SRS, Wireframes","New section with label ""selected"" displays the selected people",,,,,,,,,,,,,,,,,,,,,
Manual,FB-Adding Post-gallery-UI-001,"Verify that when user select multiple Photos/Videos from gallery, Camera icon is relapced by next button",,"1-Open Facebook App
2-Login with Valid user and password
3-Tap on ""What's on your mind""
4- Tap on gallery icon
5-Tap on select multiple button","SRS, Wireframes",Camera icon is relapced by next button,,,,,,,,,,,,,,,,,,,,,
Manual,FB-Adding Post-gallery-UI-002,"Verify that the label ""Gallery""consists of a dropdown which must be properly aligned",,"1-Open Facebook App
2-Login with Valid user and password
3-Tap on ""What's on your mind""
4- Tap on gallery icon
5-Tap on gallery dropdown list","SRS, Wireframes","The label ""Gallery""consists of a dropdown with aligned items",,,,,,,,,,,,,,,,,,,,,
