Type,TC ID,Name / Title,Preconditions,Steps to be executed,Test Data,Expected results,Actual Results,Priority,Status,Requirement Traceability,Bugs Traceability,,,,,,,,,,,,,,,,
Manual,FB-Messaging-General-UI-001,Verify Font used is readable as per the requirments,,"1-Open Facebook App
2-Login with Valid user and password
3-Tap on Messaging icon
4-Explor the module","SRS, Wireframes",All texts are readable and match the initial design,,,,,,,,,,,,,,,,,,,,,
Manual,FB-Messaging-General-UI-002,"Verify the alignment of the text,icons, and buttons  are proper",,"1-Open Facebook App
2-Login with Valid user and password
3-Tap on Messaging icon
4-Explor the module","SRS, Wireframes","Text,icons, and buttons  are aligned  properly",,,,,,,,,,,,,,,,,,,,,
Manual,FB-Messaging-General-UI-003,Verify the positioning of GUI elements for different screen resolution.,,"1-Open Facebook App
2-Login with Valid user and password
3-Tap on Messaging icon
4-Explor the module","SRS, Wireframes","Size, position, width, height of all UI elements are displaying with excellent dimensions for different screen resolution",,,,,,,,,,,,,,,,,,,,,
Manual,FB-Messaging-General-UI-004,Verify if there are any conent issue,,"1-Open Facebook App
2-Login with Valid user and password
3-Tap on Messaging icon
4-Explor the module","SRS, Wireframes",No speeling or truncated issues occurred,,,,,,,,,,,,,,,,,,,,,
Manual,FB-Messaging-General-UI-005,Verify if there are any visual issue ,,"1-Open Facebook App
2-Login with Valid user and password
3-Tap on Messaging icon
4-Explor the module","SRS, Wireframes","Pages, dropdown lists, buttons, and icons will display normally ",,,,,,,,,,,,,,,,,,,,,
Manual,FB-Messaging-Conversation page-UI-001,Verify the displaying  of incoming video call notification number  attached to video call icon,,"1-Open Facebook App
2-Login with Valid user and password
3-Tap on Messaging icon","SRS, Wireframes",Incoming video call notification number which  is attached to  video call icon is displayed successfully  ,,,,,,,,,,,,,,,,,,,,,
Manual,FB-Messaging-Conversation page-UI-002,Verify the color  of incoming video call notification number  attached to video call icon is red,,"1-Open Facebook App
2-Login with Valid user and password
3-Tap on Messaging icon","SRS, Wireframes",Incoming video call notification number is displayed as red color attached to  video call icon,,,,,,,,,,,,,,,,,,,,,
Manual,FB-Messaging-Conversation page-UI-003,Verify the displaying of circled active status is attached to profile picture icons of friends ,,"1-Open Facebook App
2-Login with Valid user and password
3-Tap on Messaging icon","SRS, Wireframes",Circled active status is displayed for only active contacts,,,,,,,,,,,,,,,,,,,,,
Manual,FB-Messaging-Conversation page-UI-004,Verify the color of circled active status which is attached to profile picture icon is green,,"1-Open Facebook App
2-Login with Valid user and password
3-Tap on Messaging icon","SRS, Wireframes",Circled active status is displayed for only active contacts as green circle,,,,,,,,,,,,,,,,,,,,,
Manual,FB-Messaging-Conversation page-UI-005,"Verify the displaying of the last time he was active inside the circled status, attached to profile picture icon",,"1-Open Facebook App
2-Login with Valid user and password
3-Tap on Messaging icon","SRS, Wireframes",The last time he was active inside the circled status is displayed for not active contacts,,,,,,,,,,,,,,,,,,,,,
Manual,FB-Messaging-Conversation page-UI-006,"Verify  that profile picture will appear next to sent message, if friends have seen it",,"1-Open Facebook App
2-Login with Valid user and password
3-Tap on Messaging icon
4-Tap on Friend's conversation chat","SRS, Wireframes"," Profile picture is appeared next to sent messages, if friends have seen it",,,,,,,,,,,,,,,,,,,,,
Manual,FB-Messaging-Chat list page-UI-001,Verify that  unread messages are highlighted as bold font,,"1-Open Facebook App
2-Login with Valid user and password
3-Tap on Messaging icon","SRS, Wireframes",Unread messages are highlighted as bold font,,,,,,,,,,,,,,,,,,,,,
Manual,FB-Messaging-Chat list page-UI-002,Verify that the number of unread chats is displayed as red color attached to chat icon,,"1-Open Facebook App
2-Login with Valid user and password
3-Tap on Messaging icon","SRS, Wireframes",The number of unread chats is displayed as red color attached to chat icon,,,,,,,,,,,,,,,,,,,,,
Manual,FB-Messaging-Chat list page-UI-003,Verify the displaying of  new friends' stories notification alarm is displayed as red color  attached to Stories icon,,"1-Open Facebook App
2-Login with Valid user and password
3-Tap on Messaging icon","SRS, Wireframes",New friends' stories notification alarm is displayed as a red color,,,,,,,,,,,,,,,,,,,,,
Manual,FB-Messaging-Chat list page-UI-004,Verify the displaying of profile picture attached to setting label,,"1-Open Facebook App
2-Login with Valid user and password
3-Tap on Messaging icon","SRS, Wireframes",Profile Picture is displayed succesfully attached to Setting label,,,,,,,,,,,,,,,,,,,,,
