Type,TC ID,Name / Title,Preconditions,Steps to be executed,Test Data,Expected results,Actual Results,Priority,Status,Requirement Traceability,Bugs Traceability,,,,,,,,,,,,,,,,
Manual,FB-Adding Stories-General-UI-001,Verify Font used is readable as per the requirments,,"1-Open Facebook App
2-Login with Valid user and password
3-Tap on Create story
4-Explor the module","SRS, Wireframes",All texts are readable and match the initial design,,,,,,,,,,,,,,,,,,,,,
Manual,FB-Adding Stories-General-UI-002,"Verify the alignment of the text,icons, and buttons  are proper",,"1-Open Facebook App
2-Login with Valid user and password
3-Tap on Create story
4-Explor the module","SRS, Wireframes","Text,icons, and buttons  are aligned  properly",,,,,,,,,,,,,,,,,,,,,
Manual,FB-Adding Stories-General-UI-003,Verify the positioning of GUI elements for different screen resolution.,,"1-Open Facebook App
2-Login with Valid user and password
3-Tap on Create story
4-Explor the module","SRS, Wireframes","Size, position, width, height of all UI elements are displaying with excellent dimensions for different screen resolution",,,,,,,,,,,,,,,,,,,,,
Manual,FB-Adding Stories-General-UI-004,Verify if there are any conent issue,,"1-Open Facebook App
2-Login with Valid user and password
3-Tap on Create story
4-Explor the module","SRS, Wireframes",No speeling or truncated issues occurred,,,,,,,,,,,,,,,,,,,,,
Manual,FB-Adding Stories-General-UI-005,Verify if there are any visual issue ,,"1-Open Facebook App
2-Login with Valid user and password
3-Tap on Create story
4-Explor the module","SRS, Wireframes","Pages, dropdown lists, buttons, and icons will display normally ",,,,,,,,,,,,,,,,,,,,,
Manual,FB-Adding Stories-Create Story-UI-001,"Verify that when user tap on Select multiple button, Gallery page expands",,"1-Open Facebook App
2-Login with Valid user and password
3-Tap on Create story
4-Tap on Select multiple button","SRS, Wireframes",Gallery page expands,,,,,,,,,,,,,,,,,,,,,
Manual,FB-Adding Stories-Create Story-UI-002,"Verify that when user  Select Photos/Videos, Layout options appear in the bottom page",,"1-Open Facebook App
2-Login with Valid user and password
3-Tap on Create story
4-Tap on Select multiple button
5-Select more than one Photo/video from your gallery","SRS, Wireframes",Layout options appear in the bottom page,,,,,,,,,,,,,,,,,,,,,
Manual,FB-Adding Stories-Create Story-UI-003,"verify that the label ""Gallery""consists of a dropdown which must be properly aligned",,"1-Open Facebook App
2-Login with Valid user and password
3-Tap on Create story
4-Tap on Gallery label","SRS, Wireframes","The label ""Gallery""consists of a dropdown list  aligned items",,,,,,,,,,,,,,,,,,,,,
Manual,FB-Adding Stories-Create Story-UI-004,Verify that Camera icon is displayed while scrolling the Gallery page,,"1-Open Facebook App
2-Login with Valid user and password
3-Tap on Create story
4-Scroll down the Gallery page","SRS, Wireframes",Camera icon is displayed at the bottom right of the page,,,,,,,,,,,,,,,,,,,,,
Manual,FB-Adding Stories-Create Story-UI-005,Verify that Done button will remain inactivated until user write a text,,"1-Open Facebook App
2-Login with Valid user and password
3-Tap on Create story
4-Tap on Text Icon","SRS, Wireframes", Done button will remains inactivated until user write a text,,,,,,,,,,,,,,,,,,,,,
Manual,FB-Adding Stories-Create Story-UI-006,"Verify that clicking on Font type button, displays placeholder text with the same font type",,"1-Open Facebook App
2-Login with Valid user and password
3-Tap on Create story
4-Tap on Text button Icon
5-tap on Font type button ""Simple"" by default","SRS, Wireframes","Clicking on Font type button, displays placeholder text with the same font type",,,,,,,,,,,,,,,,,,,,,
Manual,FB-Adding Stories-Create Story-UI-007,"Verify that clicking on Font type button, displays entered text by users with the same font type",,"1-Open Facebook App
2-Login with Valid user and password
3-Tap on Create story
4-Tap on Text button Icon
5-Write text
6-tap on Font type button ""Simple"" by default","SRS, Wireframes","Clicking on Font type button, displays entered text by users with the same font type",,,,,,,,,,,,,,,,,,,,,
Manual,FB-Adding Stories-Create Story-UI-008,Verify that clicking on Save bookmark icon is converted to black when user tap on it,,"1-Open Facebook App
2-Login with Valid user and password
3-Tap on Create story
4-Tap on Music button Icon
5-Tap on Save bookmark icon
","SRS, Wireframes",Save bookmark icon is converted to black when user tap on it,,,,,,,,,,,,,,,,,,,,,
