Type,TC ID,Test Scenarios
Manual,Adding Post-001,Verify that user is able to create a single post to his timeline/or friend's timeline  on Facebook
Manual,Adding Post-002,Verify that user is able to create a carousel  post to his timeline/or friend's timeline on Facebook
Manual,Adding Post-003,Verify that user is able to Tag people from his following list to his post
Manual,Adding Post-004,Verify that user is able to add feeling and activity to his post
Manual,Adding Post-005,Verify that user is able to add life events to post
Manual,Adding Post-006,Verify that user is able to add live video to post
Manual,Adding Post-007,Verify that user is able to add  reels to post
Manual,Adding Post-008,Verify that user is able to add a Gif to post
Manual,Adding Post-009,Verify that user is able to add a music to post
Manual,Adding Post-010,Verify that user is able to add a location to his post
Manual,Adding Post-011,Verify that user is able to view post (His/friends' posts )
Manual,Adding Post-012,Verify that user is able to comment on posts (His/friends' posts )
Manual,Adding Post-013,Verify that user is able to Like posts (His/friends' posts )
Manual,Adding Post-014,Verify that user is able to Hide posts (His/friends' posts )
Manual,Adding Post-015,Verify that user is able to Share posts (His/friends' posts )
Manual,Adding Post-016,Verify that user is able to  edit his posts
Manual,Adding Post-017,Verify that user is able to delete his posts
Manual,Adding Post-018,Verify that user is able to archive his posts
Manual,Adding Post-019,Verify that user is able to save post as draft
Manual,Adding Post-020,Verify that user is able to edit audience
Manual,Adding Post-021,Verify that user is able to edit date
Manual,Adding Post-022,Verify that user is able to turn off Notifications
Manual,Adding Post-023,Verify that user is able to turn off translations
Manual,Adding Post-024,Verify that user is able to  save (His/friends' posts )
